"CHELSA_bio10_01","CHELSA_bio10_04","CHELSA_bio10_12","CHELSA_bio10_15","taxon"
276,1940,1216,103,"Menetia maini"
259,4685,385,99,"Menetia maini"
268,3262,742,122,"Menetia maini"
232,5985,334,54,"Menetia maini"
229,5821,330,67,"Menetia maini"
264,3838,596,113,"Menetia maini"
263,3419,662,112,"Menetia maini"
266,4050,494,111,"Menetia maini"
270,4006,534,108,"Menetia maini"
264,4854,441,97,"Menetia maini"
269,3076,673,110,"Menetia maini"
256,5563,294,88,"Menetia maini"
239,5587,412,61,"Menetia maini"
256,4064,535,107,"Menetia maini"
247,6275,210,56,"Menetia maini"
265,4021,599,109,"Menetia maini"
256,5245,407,88,"Menetia maini"
258,5272,307,91,"Menetia maini"
250,5473,409,83,"Menetia maini"
253,4399,529,104,"Menetia maini"
257,4493,448,103,"Menetia maini"
269,3961,564,112,"Menetia maini"
279,1865,1373,102,"Menetia maini"
279,1912,1323,105,"Menetia maini"
257,5110,411,90,"Menetia maini"
247,6105,249,70,"Menetia maini"
230,4792,496,64,"Menetia maini"
264,3398,657,117,"Menetia maini"
239,5964,282,60,"Menetia maini"
265,4027,505,108,"Menetia maini"
270,2969,881,114,"Menetia maini"
268,2896,750,115,"Menetia maini"
270,3903,555,106,"Menetia maini"
267,4028,494,111,"Menetia maini"
269,2884,874,108,"Menetia maini"
268,2899,790,124,"Menetia maini"
259,2656,999,112,"Menetia maini"
250,5853,252,75,"Menetia maini"
253,5396,392,86,"Menetia maini"
231,4327,652,76,"Menetia maini"
276,3373,784,113,"Menetia maini"
250,5446,349,88,"Menetia maini"
254,4963,445,99,"Menetia maini"
239,6099,283,55,"Menetia maini"
267,4181,479,109,"Menetia maini"
282,2924,780,123,"Menetia maini"
223,5144,466,52,"Menetia maini"
274,2194,998,123,"Menetia maini"
269,3636,588,118,"Menetia maini"
272,3509,663,105,"Menetia maini"
261,2456,1241,103,"Menetia maini"
248,5724,279,72,"Menetia maini"
268,3780,501,107,"Menetia maini"
242,5735,291,85,"Menetia maini"
264,3550,603,112,"Menetia maini"
250,4565,456,91,"Menetia maini"
235,4465,562,69,"Menetia maini"
269,4452,455,106,"Menetia maini"
248,5559,297,89,"Menetia maini"
265,2171,1172,111,"Menetia maini"
290,2633,711,115,"Menetia maini"
261,5105,390,87,"Menetia maini"
266,3450,681,108,"Menetia maini"
267,3028,920,115,"Menetia maini"
275,2125,919,120,"Menetia maini"
264,3442,718,122,"Menetia maini"
251,4726,438,89,"Menetia maini"
261,3979,543,112,"Menetia maini"
258,5164,350,91,"Menetia maini"
258,3104,880,119,"Menetia maini"
282,2509,821,113,"Menetia maini"
271,4002,499,107,"Menetia maini"
258,3958,573,107,"Menetia maini"
266,3334,727,122,"Menetia maini"
258,5293,333,91,"Menetia maini"
267,3879,554,111,"Menetia maini"
258,4657,399,97,"Menetia maini"
253,5131,360,87,"Menetia maini"
258,3504,713,113,"Menetia maini"
264,3826,601,114,"Menetia maini"
260,3896,565,113,"Menetia maini"
251,5664,300,85,"Menetia maini"
265,2583,889,120,"Menetia maini"
250,2244,1187,116,"Menetia maini"
242,6028,240,64,"Menetia maini"
267,3172,812,115,"Menetia maini"
232,5825,312,64,"Menetia maini"
268,3021,877,120,"Menetia maini"
253,5776,288,85,"Menetia maini"
264,4503,421,107,"Menetia maini"
263,4030,562,112,"Menetia maini"
249,6375,209,57,"Menetia maini"
241,4496,493,80,"Menetia maini"
263,4048,514,109,"Menetia maini"
282,3583,593,112,"Menetia maini"
246,5995,249,73,"Menetia maini"
245,6118,246,69,"Menetia maini"
224,4656,632,64,"Menetia maini"
227,5688,405,59,"Menetia maini"
249,5115,410,83,"Menetia maini"
285,3020,687,115,"Menetia maini"
230,5204,504,52,"Menetia maini"
263,4729,389,97,"Menetia maini"
246,6301,198,57,"Menetia maini"
259,2748,1082,113,"Menetia maini"
275,1623,1758,104,"Menetia maini"
266,3809,547,108,"Menetia maini"
270,2980,783,119,"Menetia maini"
263,4690,414,97,"Menetia maini"
222,5984,312,61,"Menetia maini"
267,4377,500,105,"Menetia maini"
269,2114,1125,111,"Menetia maini"
253,5493,307,92,"Menetia maini"
263,3184,680,114,"Menetia maini"
252,5485,374,87,"Menetia maini"
260,4575,420,102,"Menetia maini"
248,5592,375,83,"Menetia maini"
254,5289,379,85,"Menetia maini"
245,5841,262,69,"Menetia maini"
236,4376,557,71,"Menetia maini"
249,5511,324,84,"Menetia maini"
258,5073,431,97,"Menetia maini"
256,3707,657,116,"Menetia maini"
258,2498,935,107,"Menetia maini"
273,2389,1150,110,"Menetia maini"
228,5762,273,63,"Menetia maini"
244,5687,359,62,"Menetia maini"
268,4087,505,105,"Menetia maini"
252,5183,376,86,"Menetia maini"
223,5980,310,60,"Menetia maini"
258,4984,375,95,"Menetia maini"
271,2653,945,122,"Menetia maini"
266,4298,461,109,"Menetia maini"
248,6093,226,67,"Menetia maini"
263,4731,483,96,"Menetia maini"
248,5996,243,74,"Menetia maini"
262,5230,424,93,"Menetia maini"
270,2968,782,124,"Menetia maini"
271,3632,574,107,"Menetia maini"
259,2521,846,115,"Menetia maini"
270,4133,513,107,"Menetia maini"
251,5361,391,83,"Menetia maini"
276,1805,1574,105,"Menetia maini"
275,2297,1190,109,"Menetia maini"
269,4180,491,105,"Menetia maini"
255,4302,486,106,"Menetia maini"
261,4767,375,95,"Menetia maini"
258,3121,709,111,"Menetia maini"
267,2895,874,115,"Menetia maini"
243,5550,359,65,"Menetia maini"
272,2585,698,112,"Menetia maini"
242,4936,461,67,"Menetia maini"
257,4405,460,103,"Menetia maini"
269,4192,496,105,"Menetia maini"
265,3583,661,118,"Menetia maini"
272,3826,602,113,"Menetia maini"
268,2758,748,109,"Menetia maini"
241,6267,275,62,"Menetia maini"
269,3517,605,110,"Menetia maini"
249,5386,354,96,"Menetia maini"
258,2141,1189,119,"Menetia maini"
279,2662,786,114,"Menetia maini"
267,4174,459,107,"Menetia maini"
268,2248,876,108,"Menetia maini"
269,3258,736,114,"Menetia maini"
229,4063,547,87,"Menetia maini"
271,4010,500,107,"Menetia maini"
270,3375,639,115,"Menetia maini"
218,4818,482,52,"Menetia maini"
260,4360,442,101,"Menetia maini"
245,5290,379,74,"Menetia maini"
262,2655,946,108,"Menetia maini"
268,3896,547,109,"Menetia maini"
281,2394,841,111,"Menetia maini"
263,3157,796,119,"Menetia maini"
280,2604,803,109,"Menetia maini"
241,5571,370,78,"Menetia maini"
269,2836,744,110,"Menetia maini"
230,5933,287,61,"Menetia maini"
256,4957,398,102,"Menetia maini"
258,1993,1530,111,"Menetia maini"
263,3640,635,108,"Menetia maini"
267,2324,979,114,"Menetia maini"
279,1655,1536,104,"Menetia maini"
258,4470,451,100,"Menetia maini"
215,4738,617,55,"Menetia maini"
256,2344,1029,117,"Menetia maini"
231,5811,415,63,"Menetia maini"
266,2951,957,120,"Menetia maini"
278,1611,1623,104,"Menetia maini"
267,2873,859,121,"Menetia maini"
278,2062,1183,108,"Menetia maini"
251,4861,374,99,"Menetia maini"
267,3936,550,107,"Menetia maini"
263,4902,429,93,"Menetia maini"
242,5633,365,76,"Menetia maini"
265,4502,422,101,"Menetia maini"
248,5020,461,98,"Menetia maini"
231,5639,310,64,"Menetia maini"
264,4210,562,110,"Menetia maini"
258,4444,448,104,"Menetia maini"
243,5778,310,60,"Menetia maini"
259,3325,686,112,"Menetia maini"
247,6034,232,70,"Menetia maini"
259,3188,821,112,"Menetia maini"
248,5518,293,78,"Menetia maini"
247,5983,248,77,"Menetia maini"
267,4306,450,110,"Menetia maini"
249,5522,301,80,"Menetia maini"
244,4803,477,81,"Menetia maini"
270,3565,633,113,"Menetia maini"
239,5937,275,61,"Menetia maini"
215,4855,573,56,"Menetia maini"
261,3826,518,112,"Menetia maini"
255,5465,289,93,"Menetia maini"
254,5261,378,88,"Menetia maini"
223,6103,360,64,"Menetia maini"
270,3033,848,115,"Menetia maini"
267,2554,1136,108,"Menetia maini"
247,6241,206,56,"Menetia maini"
259,4581,499,111,"Menetia maini"
257,4869,391,102,"Menetia maini"
260,2210,1236,109,"Menetia maini"
250,5542,307,83,"Menetia maini"
248,5965,249,75,"Menetia maini"
276,2051,1523,105,"Menetia maini"
269,3041,889,110,"Menetia maini"
264,2981,770,113,"Menetia maini"
242,4012,533,96,"Menetia maini"
247,5616,358,82,"Menetia maini"
268,3108,833,118,"Menetia maini"
218,3882,581,86,"Menetia maini"
265,2688,807,112,"Menetia maini"
237,5272,443,55,"Menetia maini"
267,4110,503,110,"Menetia maini"
261,5116,414,89,"Menetia maini"
257,4894,491,111,"Menetia maini"
247,5853,263,82,"Menetia maini"
246,3368,782,119,"Menetia maini"
247,5597,370,82,"Menetia maini"
249,3951,537,102,"Menetia maini"
266,3720,544,111,"Menetia maini"
252,5421,324,90,"Menetia maini"
282,2342,892,116,"Menetia maini"
264,4063,512,111,"Menetia maini"
260,5042,360,92,"Menetia maini"
239,6075,288,55,"Menetia maini"
252,5345,346,99,"Menetia maini"
266,3406,586,109,"Menetia maini"
263,2991,899,113,"Menetia maini"
261,4946,474,101,"Menetia maini"
247,6304,238,64,"Menetia maini"
249,6418,204,56,"Menetia maini"
270,2972,764,119,"Menetia maini"
233,6013,295,69,"Menetia maini"
236,5733,362,72,"Menetia maini"
263,4905,450,100,"Menetia maini"
268,3877,516,113,"Menetia maini"
244,3662,797,112,"Menetia maini"
242,5735,352,62,"Menetia maini"
246,5542,331,79,"Menetia maini"
244,5526,316,90,"Menetia maini"
270,2975,753,119,"Menetia maini"
283,3170,664,118,"Menetia maini"
244,6115,220,67,"Menetia maini"
263,2859,988,113,"Menetia maini"
247,5252,398,92,"Menetia maini"
281,3034,727,118,"Menetia maini"
277,2159,1171,112,"Menetia maini"
283,3549,575,113,"Menetia maini"
267,3912,577,108,"Menetia maini"
270,2691,834,111,"Menetia maini"
223,3664,772,101,"Menetia maini"
277,1719,1547,111,"Menetia maini"
268,2695,889,116,"Menetia maini"
240,5514,414,66,"Menetia maini"
264,4614,405,96,"Menetia maini"
236,5617,296,71,"Menetia maini"
263,3773,591,108,"Menetia maini"
264,2926,858,115,"Menetia maini"
255,5111,371,97,"Menetia maini"
249,5616,301,80,"Menetia maini"
252,5634,290,77,"Menetia maini"
259,4331,455,107,"Menetia maini"
262,4587,459,104,"Menetia maini"
259,5047,324,89,"Menetia maini"
232,4590,505,66,"Menetia maini"
212,3834,685,90,"Menetia maini"
260,4680,477,104,"Menetia maini"
266,4192,517,112,"Menetia maini"
271,2745,918,111,"Menetia maini"
265,4133,518,112,"Menetia maini"
270,3958,481,111,"Menetia maini"
266,4151,494,109,"Menetia maini"
245,5317,376,74,"Menetia maini"
270,3009,746,116,"Menetia maini"
268,3839,509,112,"Menetia maini"
261,4430,445,104,"Menetia maini"
261,5450,413,90,"Menetia maini"
254,2162,1391,106,"Menetia maini"
269,4305,497,107,"Menetia maini"
268,3574,624,118,"Menetia maini"
258,5469,444,90,"Menetia maini"
265,4045,501,108,"Menetia maini"
243,5652,358,63,"Menetia maini"
262,3711,617,111,"Menetia maini"
269,3756,549,116,"Menetia maini"
267,3900,539,109,"Menetia maini"
246,6205,246,68,"Menetia maini"
273,3981,496,111,"Menetia maini"
269,2259,861,117,"Menetia maini"
259,4811,429,94,"Menetia maini"
267,2858,907,123,"Menetia maini"
249,5544,314,80,"Menetia maini"
271,1794,1454,114,"Menetia maini"
244,5867,255,68,"Menetia maini"
249,5235,350,88,"Menetia maini"
243,5151,426,90,"Menetia maini"
253,2251,1163,113,"Menetia maini"
267,3723,591,112,"Menetia maini"
285,2991,697,127,"Menetia maini"
270,3386,651,111,"Menetia maini"
242,4909,491,70,"Menetia maini"
249,5873,250,75,"Menetia maini"
256,5064,365,98,"Menetia maini"
265,4728,454,98,"Menetia maini"
255,5218,354,87,"Menetia maini"
238,6013,303,55,"Menetia maini"
272,3345,656,120,"Menetia maini"
253,5501,315,86,"Menetia maini"
237,5360,432,58,"Menetia maini"
272,2711,792,113,"Menetia maini"
263,2343,1093,110,"Menetia maini"
267,3272,798,113,"Menetia maini"
251,5670,302,80,"Menetia maini"
261,4525,483,110,"Menetia maini"
258,5130,457,102,"Menetia maini"
249,5838,256,77,"Menetia maini"
266,4180,485,111,"Menetia maini"
259,5005,390,98,"Menetia maini"
242,4535,490,78,"Menetia maini"
231,5836,364,56,"Menetia maini"
231,5832,295,63,"Menetia maini"
255,5170,399,92,"Menetia maini"
246,5724,263,88,"Menetia maini"
250,5917,270,72,"Menetia maini"
264,3908,562,112,"Menetia maini"
266,3796,568,110,"Menetia maini"
231,4562,547,65,"Menetia maini"
255,5252,447,87,"Menetia maini"
227,5810,303,64,"Menetia maini"
261,4659,412,99,"Menetia maini"
261,3387,635,113,"Menetia maini"
261,4048,536,114,"Menetia maini"
234,5465,469,58,"Menetia maini"
263,2304,1084,109,"Menetia maini"
265,3707,660,116,"Menetia maini"
270,2991,892,108,"Menetia maini"
245,5112,406,74,"Menetia maini"
260,5057,401,95,"Menetia maini"
264,2853,1025,116,"Menetia maini"
267,2710,778,111,"Menetia maini"
262,1921,1469,112,"Menetia maini"
262,4039,507,112,"Menetia maini"
241,5623,382,75,"Menetia maini"
240,5586,357,76,"Menetia maini"
262,4197,511,113,"Menetia maini"
246,6171,230,62,"Menetia maini"
249,5301,427,84,"Menetia maini"
269,2900,849,106,"Menetia maini"
251,5506,280,90,"Menetia maini"
245,6319,201,58,"Menetia maini"
226,5712,284,65,"Menetia maini"
264,4109,490,109,"Menetia maini"
267,3390,703,121,"Menetia maini"
258,4852,413,96,"Menetia maini"
261,3831,573,111,"Menetia maini"
259,3142,836,113,"Menetia maini"
254,3253,748,111,"Menetia maini"
260,3566,553,110,"Menetia maini"
262,4234,455,106,"Menetia maini"
270,2981,889,115,"Menetia maini"
258,5014,435,100,"Menetia maini"
248,6348,232,60,"Menetia maini"
255,5302,340,89,"Menetia maini"
249,5965,243,72,"Menetia maini"
265,2866,909,109,"Menetia maini"
244,5462,370,77,"Menetia maini"
262,4772,426,96,"Menetia maini"
265,3133,676,118,"Menetia maini"
266,3615,641,118,"Menetia maini"
268,3592,628,113,"Menetia maini"
271,3008,740,119,"Menetia maini"
234,5929,343,55,"Menetia maini"
255,5164,361,98,"Menetia maini"
260,4215,476,107,"Menetia maini"
274,2680,919,115,"Menetia maini"
263,4935,423,91,"Menetia maini"
252,4568,445,92,"Menetia maini"
250,6099,240,73,"Menetia maini"
281,2160,1000,116,"Menetia maini"
266,2483,1236,112,"Menetia maini"
264,4156,474,112,"Menetia maini"
259,4343,457,106,"Menetia maini"
260,2898,945,113,"Menetia maini"
260,4284,451,106,"Menetia maini"
268,3663,647,112,"Menetia maini"
247,5464,344,94,"Menetia maini"
233,5880,255,61,"Menetia maini"
262,2093,1209,108,"Menetia maini"
229,4577,502,67,"Menetia maini"
258,4699,458,100,"Menetia maini"
257,5027,373,97,"Menetia maini"
261,5311,426,92,"Menetia maini"
224,6050,271,67,"Menetia maini"
263,2540,921,104,"Menetia maini"
260,2675,974,106,"Menetia maini"
264,2784,1006,113,"Menetia maini"
217,3680,750,95,"Menetia maini"
263,3783,571,113,"Menetia maini"
276,3494,660,105,"Menetia maini"
247,4934,452,80,"Menetia maini"
262,3736,582,113,"Menetia maini"
227,5928,302,63,"Menetia maini"
269,2670,831,109,"Menetia maini"
253,5231,368,86,"Menetia maini"
268,4305,451,108,"Menetia maini"
236,5259,441,55,"Menetia maini"
268,3944,547,108,"Menetia maini"
253,4961,448,92,"Menetia maini"
266,3328,758,113,"Menetia maini"
264,2920,987,116,"Menetia maini"
254,5433,386,92,"Menetia maini"
262,3369,683,113,"Menetia maini"
266,4070,569,111,"Menetia maini"
262,4069,516,104,"Menetia maini"
246,4898,419,82,"Menetia maini"
233,5598,430,62,"Menetia maini"
262,4466,488,115,"Menetia maini"
272,3849,556,114,"Menetia maini"
237,6305,287,63,"Menetia maini"
234,5618,288,75,"Menetia maini"
278,3437,592,118,"Menetia maini"
245,6275,200,57,"Menetia maini"
276,1817,1389,110,"Menetia maini"
280,2217,1079,114,"Menetia maini"
279,3304,669,110,"Menetia maini"
263,3845,593,112,"Menetia maini"
251,6179,220,69,"Menetia maini"
249,6335,216,61,"Menetia maini"
268,2743,933,120,"Menetia maini"
248,3831,621,107,"Menetia maini"
272,3784,578,113,"Menetia maini"
283,3288,596,112,"Menetia maini"
262,4493,474,109,"Menetia maini"
247,5589,347,81,"Menetia maini"
247,6036,247,70,"Menetia maini"
258,5096,353,93,"Menetia maini"
256,5217,334,94,"Menetia maini"
269,1944,981,109,"Menetia maini"
269,3910,557,106,"Menetia maini"
249,5547,343,86,"Menetia maini"
272,4046,492,109,"Menetia maini"
267,4513,459,103,"Menetia maini"
246,6190,250,67,"Menetia maini"
245,5460,367,82,"Menetia maini"
262,3151,787,111,"Menetia maini"
252,3251,812,117,"Menetia maini"
258,5348,396,91,"Menetia maini"
246,6120,255,70,"Menetia maini"
276,2316,1119,118,"Menetia maini"
270,2772,865,124,"Menetia maini"
262,4969,348,92,"Menetia maini"
265,4614,405,97,"Menetia maini"
268,3967,524,112,"Menetia maini"
284,2886,750,130,"Menetia maini"
267,3059,891,118,"Menetia maini"
241,6018,234,63,"Menetia maini"
269,3854,537,110,"Menetia maini"
267,3891,568,116,"Menetia maini"
241,5759,327,70,"Menetia maini"
265,3038,785,117,"Menetia maini"
262,2373,961,113,"Menetia maini"
269,2682,851,112,"Menetia maini"
239,6123,271,58,"Menetia maini"
262,4094,511,110,"Menetia maini"
251,5049,465,95,"Menetia maini"
263,3237,757,111,"Menetia maini"
266,2645,1031,120,"Menetia maini"
249,6084,239,71,"Menetia maini"
264,3414,740,119,"Menetia maini"
246,5565,374,80,"Menetia maini"
271,4627,419,103,"Menetia maini"
261,3376,724,111,"Menetia maini"
245,4996,460,76,"Menetia maini"
259,4133,530,111,"Menetia maini"
257,5180,376,97,"Menetia maini"
256,5402,327,88,"Menetia maini"
268,2469,837,105,"Menetia maini"
270,1797,1650,109,"Menetia maini"
264,4533,537,108,"Menetia maini"
246,5797,279,73,"Menetia maini"
258,5240,311,93,"Menetia maini"
242,5564,361,78,"Menetia maini"
260,4635,518,110,"Menetia maini"
271,2778,661,111,"Menetia maini"
255,4872,412,94,"Menetia maini"
268,4108,495,106,"Menetia maini"
264,4075,496,114,"Menetia maini"
235,5044,478,58,"Menetia maini"
260,5085,393,87,"Menetia maini"
251,4817,418,92,"Menetia maini"
268,3750,584,106,"Menetia maini"
246,5477,289,80,"Menetia maini"
260,3513,762,113,"Menetia maini"
255,5348,298,91,"Menetia maini"
255,4916,391,100,"Menetia maini"
255,2120,1445,109,"Menetia maini"
260,5065,438,91,"Menetia maini"
248,6400,190,54,"Menetia maini"
265,3336,733,121,"Menetia maini"
262,3231,684,115,"Menetia maini"
233,5874,238,73,"Menetia maini"
246,5471,358,83,"Menetia maini"
278,1757,979,114,"Menetia maini"
263,3958,510,115,"Menetia maini"
248,5630,298,80,"Menetia maini"
231,5807,298,64,"Menetia maini"
267,2661,982,117,"Menetia maini"
259,4632,420,102,"Menetia maini"
269,2922,761,118,"Menetia maini"
263,3307,701,113,"Menetia maini"
261,2640,966,120,"Menetia maini"
240,5366,386,94,"Menetia maini"
277,3691,572,119,"Menetia maini"
267,2836,802,114,"Menetia maini"
269,4034,512,109,"Menetia maini"
252,5636,286,80,"Menetia maini"
264,4246,464,111,"Menetia maini"
261,4998,355,94,"Menetia maini"
236,5588,309,81,"Menetia maini"
255,5183,362,92,"Menetia maini"
281,3062,772,121,"Menetia maini"
236,5637,314,70,"Menetia maini"
282,2682,925,112,"Menetia maini"
266,3611,647,118,"Menetia maini"
251,5457,335,89,"Menetia maini"
267,2629,983,117,"Menetia maini"
260,4731,533,113,"Menetia maini"
256,4519,520,111,"Menetia maini"
260,4086,531,112,"Menetia maini"
281,3246,647,111,"Menetia maini"
272,3093,713,120,"Menetia maini"
254,5261,374,90,"Menetia maini"
261,4527,480,105,"Menetia maini"
250,6219,223,67,"Menetia maini"
249,5641,287,78,"Menetia maini"
246,5415,348,82,"Menetia maini"
262,4987,416,102,"Menetia maini"
260,4262,465,105,"Menetia maini"
257,5317,295,93,"Menetia maini"
247,6251,210,57,"Menetia maini"
265,4580,479,100,"Menetia maini"
262,3049,791,111,"Menetia maini"
260,3029,940,113,"Menetia maini"
238,6059,308,58,"Menetia maini"
266,3012,883,113,"Menetia maini"
221,3850,518,92,"Menetia maini"
266,3170,900,112,"Menetia maini"
272,2688,894,111,"Menetia maini"
256,5303,312,91,"Menetia maini"
272,2521,971,109,"Menetia maini"
271,2932,832,109,"Menetia maini"
270,3691,577,117,"Menetia maini"
284,2998,686,109,"Menetia maini"
267,2633,863,108,"Menetia maini"
257,5065,465,97,"Menetia maini"
270,2994,781,114,"Menetia maini"
265,3134,778,113,"Menetia maini"
270,4191,490,105,"Menetia maini"
248,5110,452,95,"Menetia maini"
260,4539,434,104,"Menetia maini"
267,3789,583,115,"Menetia maini"
280,1701,1394,102,"Menetia maini"
260,4785,374,95,"Menetia maini"
267,2691,969,117,"Menetia maini"
261,3273,675,112,"Menetia maini"
278,2322,1041,111,"Menetia maini"
253,4926,417,95,"Menetia maini"
249,2302,1141,116,"Menetia maini"
258,5163,392,94,"Menetia maini"
252,4192,501,99,"Menetia maini"
255,2409,1034,115,"Menetia maini"
246,5615,335,77,"Menetia maini"
262,3432,624,112,"Menetia maini"
244,5866,287,69,"Menetia maini"
261,2355,1259,106,"Menetia maini"
268,2779,809,108,"Menetia maini"
258,4034,536,111,"Menetia maini"
278,2010,1476,108,"Menetia maini"
264,3980,519,111,"Menetia maini"
259,5165,398,88,"Menetia maini"
235,5701,315,68,"Menetia maini"
270,4080,472,106,"Menetia maini"
260,4870,361,97,"Menetia maini"
257,5183,516,97,"Menetia maini"
257,5302,319,92,"Menetia maini"
252,4471,582,107,"Menetia maini"
254,4970,385,101,"Menetia maini"
282,3890,537,110,"Menetia maini"
262,3020,819,112,"Menetia maini"
265,4262,442,112,"Menetia maini"
220,3894,695,89,"Menetia maini"
210,3500,740,102,"Menetia maini"
245,6277,216,64,"Menetia maini"
259,5018,357,94,"Menetia maini"
257,2353,1145,107,"Menetia maini"
222,5058,453,51,"Menetia maini"
249,5104,347,97,"Menetia maini"
248,4915,405,83,"Menetia maini"
266,4349,452,110,"Menetia maini"
266,3418,693,117,"Menetia maini"
257,5034,491,96,"Menetia maini"
236,4738,528,73,"Menetia maini"
224,4804,456,55,"Menetia maini"
262,3959,552,113,"Menetia maini"
254,5437,283,91,"Menetia maini"
247,6161,218,62,"Menetia maini"
261,4780,458,96,"Menetia maini"
238,5551,412,76,"Menetia maini"
273,2687,859,109,"Menetia maini"
277,1832,1363,108,"Menetia maini"
256,3030,857,111,"Menetia maini"
263,4832,437,102,"Menetia maini"
252,4619,427,97,"Menetia maini"
239,5457,399,87,"Menetia maini"
271,4084,484,109,"Menetia maini"
245,5088,445,77,"Menetia maini"
261,4671,389,97,"Menetia maini"
273,1973,908,108,"Menetia maini"
262,4390,445,109,"Menetia maini"
240,5969,265,61,"Menetia maini"
263,2974,839,114,"Menetia maini"
238,5553,307,83,"Menetia maini"
247,4557,456,89,"Menetia maini"
272,2232,1313,114,"Menetia maini"
264,4292,480,106,"Menetia maini"
278,2134,1087,111,"Menetia maini"
261,4617,464,103,"Menetia maini"
267,3096,730,112,"Menetia maini"
248,4599,456,90,"Menetia maini"
266,2913,938,110,"Menetia maini"
268,2885,783,116,"Menetia maini"
252,5479,280,90,"Menetia maini"
246,5719,288,88,"Menetia maini"
245,5447,324,83,"Menetia maini"
262,2581,925,111,"Menetia maini"
267,1711,1695,123,"Menetia maini"
261,2078,1517,110,"Menetia maini"
271,3111,841,115,"Menetia maini"
246,6070,243,69,"Menetia maini"
234,5946,317,61,"Menetia maini"
247,4726,453,97,"Menetia maini"
260,3564,608,109,"Menetia maini"
286,3311,676,113,"Menetia maini"
271,4219,510,105,"Menetia maini"
242,6097,249,62,"Menetia maini"
252,4618,439,94,"Menetia maini"
260,4022,522,111,"Menetia maini"
268,4422,460,104,"Menetia maini"
242,5455,392,75,"Menetia maini"
268,3444,670,120,"Menetia maini"
236,6011,314,67,"Menetia maini"
257,4828,412,97,"Menetia maini"
270,4214,483,107,"Menetia maini"
247,5742,297,76,"Menetia maini"
278,1667,1589,108,"Menetia maini"
258,4846,382,98,"Menetia maini"
237,5903,340,54,"Menetia maini"
242,5358,417,76,"Menetia maini"
275,2665,998,125,"Menetia maini"
243,5631,384,70,"Menetia maini"
281,2920,719,110,"Menetia maini"
261,4327,508,113,"Menetia maini"
238,4420,490,75,"Menetia maini"
226,5941,280,61,"Menetia maini"
228,4518,522,67,"Menetia maini"
261,4770,468,112,"Menetia maini"
274,3657,646,105,"Menetia maini"
271,2273,846,110,"Menetia maini"
267,2669,987,117,"Menetia maini"
259,4707,382,97,"Menetia maini"
268,3040,821,119,"Menetia maini"
237,5696,354,72,"Menetia maini"
254,2852,1026,117,"Menetia maini"
269,2374,837,117,"Menetia maini"
271,3579,573,108,"Menetia maini"
265,2778,909,119,"Menetia maini"
253,5182,358,88,"Menetia maini"
271,3294,745,114,"Menetia maini"
266,4097,511,110,"Menetia maini"
250,5722,307,81,"Menetia maini"
264,4814,443,98,"Menetia maini"
248,5222,408,95,"Menetia maini"
255,5665,300,88,"Menetia maini"
267,2813,955,111,"Menetia maini"
288,2485,685,113,"Menetia maini"
281,2917,737,124,"Menetia maini"
248,5523,335,83,"Menetia maini"
273,3526,630,111,"Menetia maini"
271,2983,746,120,"Menetia maini"
239,6170,299,64,"Menetia maini"
244,5188,421,75,"Menetia maini"
225,4832,539,62,"Menetia maini"
269,2846,810,124,"Menetia maini"
267,3487,607,111,"Menetia maini"
250,5872,254,75,"Menetia maini"
257,5445,318,90,"Menetia maini"
261,3617,570,109,"Menetia maini"
261,3099,756,108,"Menetia maini"
265,3890,534,111,"Menetia maini"
257,5439,375,93,"Menetia maini"
274,2732,868,113,"Menetia maini"
262,5170,440,95,"Menetia maini"
241,5898,263,77,"Menetia maini"
257,2207,1391,109,"Menetia maini"
264,4340,470,109,"Menetia maini"
266,2178,1298,110,"Menetia maini"
264,3482,644,113,"Menetia maini"
250,6044,235,76,"Menetia maini"
248,6073,215,70,"Menetia maini"
257,5349,388,95,"Menetia maini"
248,5555,285,87,"Menetia maini"
253,5531,353,88,"Menetia maini"
274,1849,1573,111,"Menetia maini"
264,3069,712,115,"Menetia maini"
264,2805,1009,114,"Menetia maini"
249,5611,294,88,"Menetia maini"
261,5021,347,91,"Menetia maini"
249,6351,221,60,"Menetia maini"
252,5897,255,76,"Menetia maini"
266,4011,532,111,"Menetia maini"
251,5434,283,88,"Menetia maini"
269,4201,484,105,"Menetia maini"
268,3136,840,118,"Menetia maini"
244,5143,420,73,"Menetia maini"
229,4576,590,62,"Menetia maini"
241,5193,424,67,"Menetia maini"
211,4873,607,56,"Menetia maini"
256,4585,439,98,"Menetia maini"
274,1937,1125,113,"Menetia maini"
253,4933,408,92,"Menetia maini"
264,2445,996,110,"Menetia maini"
270,2858,818,124,"Menetia maini"
254,5259,360,91,"Menetia maini"
279,2838,856,125,"Menetia maini"
234,5931,377,57,"Menetia maini"
215,5984,291,55,"Menetia maini"
262,3670,557,111,"Menetia maini"
269,2919,786,123,"Menetia maini"
242,5774,325,72,"Menetia maini"
274,3777,562,106,"Menetia maini"
265,4595,421,98,"Menetia maini"
235,3545,638,113,"Menetia maini"
272,3176,612,111,"Menetia maini"
269,3134,824,115,"Menetia maini"
260,5041,402,89,"Menetia maini"
240,5495,325,80,"Menetia maini"
257,4866,416,98,"Menetia maini"
240,5008,468,63,"Menetia maini"
260,4976,434,92,"Menetia maini"
260,3239,776,112,"Menetia maini"
245,6322,191,55,"Menetia maini"
258,4867,413,95,"Menetia maini"
253,5406,416,88,"Menetia maini"
257,4942,386,94,"Menetia maini"
252,5723,299,82,"Menetia maini"
263,3914,565,109,"Menetia maini"
269,2948,857,108,"Menetia maini"
260,3276,661,113,"Menetia maini"
232,5877,295,78,"Menetia maini"
260,4467,524,110,"Menetia maini"
264,3421,640,112,"Menetia maini"
232,5985,306,53,"Menetia maini"
279,3116,702,111,"Menetia maini"
266,1958,1150,108,"Menetia maini"
267,2881,869,110,"Menetia maini"
259,3454,620,112,"Menetia maini"
259,4981,377,98,"Menetia maini"
277,2026,1262,106,"Menetia maini"
266,4432,484,104,"Menetia maini"
263,2882,974,114,"Menetia maini"
249,6411,218,58,"Menetia maini"
248,5946,255,75,"Menetia maini"
264,4785,446,106,"Menetia maini"
270,4576,431,105,"Menetia maini"
225,4862,581,58,"Menetia maini"
259,4669,432,104,"Menetia maini"
271,3004,792,112,"Menetia maini"
260,2476,986,116,"Menetia maini"
274,3753,553,112,"Menetia maini"
270,3496,600,108,"Menetia maini"
261,3393,753,122,"Menetia maini"
268,2148,987,122,"Menetia maini"
268,3548,568,113,"Menetia maini"
240,6141,253,63,"Menetia maini"
239,5184,424,63,"Menetia maini"
261,2447,996,120,"Menetia maini"
248,5772,290,83,"Menetia maini"
276,2520,932,121,"Menetia maini"
279,1719,1549,107,"Menetia maini"
252,5353,346,99,"Menetia maini"
247,4541,476,88,"Menetia maini"
268,3876,535,111,"Menetia maini"
251,5685,291,82,"Menetia maini"
246,5319,312,94,"Menetia maini"
263,2157,1342,111,"Menetia maini"
224,4753,565,60,"Menetia maini"
264,4267,495,111,"Menetia maini"
247,5988,216,72,"Menetia maini"
247,6044,235,72,"Menetia maini"
262,3109,796,112,"Menetia maini"
257,5200,341,93,"Menetia maini"
258,4886,389,94,"Menetia maini"
279,1752,1458,107,"Menetia maini"
264,3539,663,119,"Menetia maini"
249,5170,424,95,"Menetia maini"
241,4428,443,82,"Menetia maini"
265,4566,420,100,"Menetia maini"
265,2290,1084,114,"Menetia maini"
270,2941,798,112,"Menetia maini"
268,4462,429,102,"Menetia maini"
247,6362,241,60,"Menetia maini"
264,3281,680,112,"Menetia maini"
244,6258,210,61,"Menetia maini"
236,6193,309,72,"Menetia maini"
261,4232,484,114,"Menetia maini"
270,2982,872,113,"Menetia maini"
258,5189,308,92,"Menetia maini"
263,2177,1182,112,"Menetia maini"
234,3945,508,93,"Menetia maini"
265,2726,1016,117,"Menetia maini"
254,5481,335,89,"Menetia maini"
277,3657,584,113,"Menetia maini"
249,5943,244,72,"Menetia maini"
268,3569,590,113,"Menetia maini"
237,6043,291,54,"Menetia maini"
254,5138,390,91,"Menetia maini"
268,2731,885,118,"Menetia maini"
278,1912,1353,104,"Menetia maini"
276,2719,686,114,"Menetia maini"
270,3589,583,112,"Menetia maini"
262,3947,478,110,"Menetia maini"
265,3173,840,113,"Menetia maini"
287,3279,650,111,"Menetia maini"
249,5713,273,73,"Menetia maini"
264,4270,470,106,"Menetia maini"
248,6151,242,70,"Menetia maini"
267,2759,901,109,"Menetia maini"
245,4853,484,78,"Menetia maini"
246,5379,387,84,"Menetia maini"
261,4055,496,108,"Menetia maini"
269,1882,1295,124,"Menetia maini"
243,5624,386,77,"Menetia maini"
243,5825,278,68,"Menetia maini"
268,2988,720,121,"Menetia maini"
269,2754,855,124,"Menetia maini"
275,1711,1510,100,"Menetia maini"
256,5453,321,90,"Menetia maini"
269,3514,604,109,"Menetia maini"
244,5711,364,62,"Menetia maini"
267,2042,1359,104,"Menetia maini"
256,4143,513,101,"Menetia maini"
264,3531,757,112,"Menetia maini"
244,5985,251,77,"Menetia maini"
258,2142,1495,109,"Menetia maini"
250,5938,246,73,"Menetia maini"
248,6134,239,68,"Menetia maini"
247,5460,333,85,"Menetia maini"
254,3861,634,110,"Menetia maini"
243,5707,384,64,"Menetia maini"
263,4215,540,113,"Menetia maini"
272,4074,517,110,"Menetia maini"
259,5180,402,95,"Menetia maini"
268,3205,784,115,"Menetia maini"
260,4464,519,115,"Menetia maini"
254,5541,322,90,"Menetia maini"
262,4009,533,112,"Menetia maini"
252,4772,422,90,"Menetia maini"
278,2988,744,109,"Menetia maini"
258,3175,841,112,"Menetia maini"
261,5041,332,89,"Menetia maini"
244,5558,372,78,"Menetia maini"
227,6035,257,60,"Menetia maini"
263,4390,513,113,"Menetia maini"
262,3539,619,109,"Menetia maini"
263,4502,465,107,"Menetia maini"
258,4777,427,102,"Menetia maini"
217,4739,619,56,"Menetia maini"
240,5720,315,68,"Menetia maini"
236,5590,432,62,"Menetia maini"
258,5090,458,98,"Menetia maini"
258,3206,788,112,"Menetia maini"
239,5733,384,61,"Menetia maini"
275,3032,823,115,"Menetia maini"
244,5744,278,84,"Menetia maini"
259,2997,833,113,"Menetia maini"
260,3311,632,114,"Menetia maini"
259,5040,435,89,"Menetia maini"
256,2439,1052,118,"Menetia maini"
230,3478,834,113,"Menetia maini"
262,2801,948,115,"Menetia maini"
266,4242,463,117,"Menetia maini"
268,4385,486,108,"Menetia maini"
265,2923,901,120,"Menetia maini"
267,4255,442,106,"Menetia maini"
260,3506,648,112,"Menetia maini"
260,3168,736,114,"Menetia maini"
246,6212,214,63,"Menetia maini"
264,3721,580,107,"Menetia maini"
253,5627,303,86,"Menetia maini"
271,3576,644,106,"Menetia maini"
245,6069,222,74,"Menetia maini"
248,5120,387,95,"Menetia maini"
239,6065,295,55,"Menetia maini"
264,3135,753,116,"Menetia maini"
247,4907,443,83,"Menetia maini"
257,4760,520,115,"Menetia maini"
249,5170,393,97,"Menetia maini"
236,5988,281,67,"Menetia maini"
236,3591,652,110,"Menetia maini"
254,2161,1321,109,"Menetia maini"
244,6061,223,67,"Menetia maini"
254,4649,424,95,"Menetia maini"
263,2869,978,114,"Menetia maini"
273,2854,715,112,"Menetia maini"
267,2836,846,111,"Menetia maini"
253,5637,302,86,"Menetia maini"
263,4429,488,109,"Menetia maini"
262,4660,397,99,"Menetia maini"
257,2384,1010,115,"Menetia maini"
246,6057,234,68,"Menetia maini"
242,5859,262,80,"Menetia maini"
264,3200,730,111,"Menetia maini"
244,5945,255,70,"Menetia maini"
243,5923,247,66,"Menetia maini"
258,4620,539,114,"Menetia maini"
258,4728,420,99,"Menetia maini"
262,3975,522,116,"Menetia maini"
262,3766,597,110,"Menetia maini"
252,5428,334,92,"Menetia maini"
275,3737,545,106,"Menetia maini"
274,1686,1654,103,"Menetia maini"
269,3424,634,111,"Menetia maini"
243,5222,384,94,"Menetia maini"
256,4290,459,99,"Menetia maini"
239,6053,292,56,"Menetia maini"
251,2120,1282,113,"Menetia maini"
249,6203,233,66,"Menetia maini"
262,3845,549,110,"Menetia maini"
256,5392,413,94,"Menetia maini"
225,5789,291,62,"Menetia maini"
258,5112,318,91,"Menetia maini"
264,3045,729,120,"Menetia maini"
259,5049,363,94,"Menetia maini"
245,4793,466,82,"Menetia maini"
236,5094,480,57,"Menetia maini"
263,3286,647,113,"Menetia maini"
264,3655,618,107,"Menetia maini"
274,2386,880,121,"Menetia maini"
270,1891,1082,111,"Menetia maini"
266,2409,838,114,"Menetia maini"
264,2373,971,118,"Menetia maini"
261,4228,462,102,"Menetia maini"
265,3411,716,117,"Menetia maini"
226,3957,534,89,"Menetia maini"
243,3668,596,111,"Menetia maini"
257,4537,450,101,"Menetia maini"
249,6070,240,74,"Menetia maini"
250,6002,227,81,"Menetia maini"
222,5993,309,61,"Menetia maini"
269,3774,586,113,"Menetia maini"
269,2167,931,118,"Menetia maini"
249,3276,885,118,"Menetia maini"
257,3811,617,113,"Menetia maini"
262,4549,548,108,"Menetia maini"
252,5326,380,89,"Menetia maini"
251,5783,281,81,"Menetia maini"
239,5614,425,60,"Menetia maini"
248,6437,222,57,"Menetia maini"
230,5803,324,73,"Menetia maini"
234,5285,427,55,"Menetia maini"
268,2852,793,113,"Menetia maini"
266,3503,645,110,"Menetia maini"
249,5821,261,72,"Menetia maini"
244,4278,502,91,"Menetia maini"
276,2118,897,109,"Menetia maini"
246,4960,406,82,"Menetia maini"
237,5625,338,79,"Menetia maini"
274,1889,1233,119,"Menetia maini"
264,4857,450,99,"Menetia maini"
261,4707,513,100,"Menetia maini"
267,1745,1348,115,"Menetia maini"
272,3510,578,112,"Menetia maini"
257,2989,866,111,"Menetia maini"
247,5144,367,98,"Menetia maini"
270,3214,690,115,"Menetia maini"
285,3008,714,127,"Menetia maini"
255,4496,459,97,"Menetia maini"
268,2498,1011,110,"Menetia maini"
266,2660,854,114,"Menetia maini"
255,5231,400,87,"Menetia maini"
266,4119,540,106,"Menetia maini"
264,4553,473,107,"Menetia maini"
244,5336,380,74,"Menetia maini"
254,3306,732,112,"Menetia maini"
241,5498,331,81,"Menetia maini"
268,4399,444,105,"Menetia maini"
263,4766,375,97,"Menetia maini"
257,3114,832,112,"Menetia maini"
242,4685,506,75,"Menetia maini"
267,3303,761,113,"Menetia maini"
274,2417,948,120,"Menetia maini"
247,6173,216,61,"Menetia maini"
249,5646,284,72,"Menetia maini"
243,5713,286,86,"Menetia maini"
258,3287,735,112,"Menetia maini"
249,6199,231,68,"Menetia maini"
276,1655,1613,104,"Menetia maini"
258,4698,546,115,"Menetia maini"
262,3491,736,121,"Menetia maini"
245,5328,314,95,"Menetia maini"
262,3557,593,110,"Menetia maini"
241,4509,506,79,"Menetia maini"
247,5420,419,81,"Menetia maini"
274,3556,669,105,"Menetia maini"
245,4883,450,82,"Menetia maini"
249,4828,424,87,"Menetia maini"
266,3769,569,109,"Menetia maini"
237,5345,422,91,"Menetia maini"
262,4870,404,95,"Menetia maini"
270,2802,834,124,"Menetia maini"
273,3249,729,116,"Menetia maini"
264,4178,482,107,"Menetia maini"
237,5634,428,60,"Menetia maini"
249,4936,475,98,"Menetia maini"
264,2949,838,120,"Menetia maini"
269,4194,485,106,"Menetia maini"
257,4880,399,105,"Menetia maini"
268,2400,956,117,"Menetia maini"
268,2762,827,113,"Menetia maini"
259,4962,478,95,"Menetia maini"
264,2754,970,106,"Menetia maini"
265,4558,418,101,"Menetia maini"
254,5312,396,84,"Menetia maini"
263,2222,1215,110,"Menetia maini"
266,4369,439,112,"Menetia maini"
269,3104,785,111,"Menetia maini"
256,5052,435,97,"Menetia maini"
248,5457,362,88,"Menetia maini"
262,2278,1140,109,"Menetia maini"
245,4714,464,81,"Menetia maini"
271,3345,622,115,"Menetia maini"
268,2639,793,105,"Menetia maini"
261,4494,432,102,"Menetia maini"
269,3456,638,110,"Menetia maini"
257,2553,996,113,"Menetia maini"
266,3264,687,111,"Menetia maini"
258,5010,382,100,"Menetia maini"
265,4028,511,114,"Menetia maini"
246,5895,247,82,"Menetia maini"
277,1663,1005,114,"Menetia maini"
266,4053,498,108,"Menetia maini"
282,2393,905,114,"Menetia maini"
267,3952,542,107,"Menetia maini"
250,5347,389,90,"Menetia maini"
242,4597,499,76,"Menetia maini"
258,4379,480,103,"Menetia maini"
260,5338,414,94,"Menetia maini"
271,3976,505,106,"Menetia maini"
268,4470,445,107,"Menetia maini"
250,6034,238,76,"Menetia maini"
277,2895,805,109,"Menetia maini"
246,4264,510,101,"Menetia maini"
262,4508,498,109,"Menetia maini"
254,5287,383,85,"Menetia maini"
244,5398,375,73,"Menetia maini"
239,6123,275,57,"Menetia maini"
256,4970,424,99,"Menetia maini"
273,3717,562,106,"Menetia maini"
253,4708,404,97,"Menetia maini"
279,1687,1503,102,"Menetia maini"
238,6017,258,60,"Menetia maini"
243,5565,304,83,"Menetia maini"
241,5991,258,74,"Menetia maini"
269,3380,665,116,"Menetia maini"
276,1869,1128,117,"Menetia maini"
229,5377,493,58,"Menetia maini"
271,3377,619,114,"Menetia maini"
241,6101,233,62,"Menetia maini"
273,1900,1025,108,"Menetia maini"
263,3608,650,108,"Menetia maini"
261,5020,435,93,"Menetia maini"
282,2120,895,115,"Menetia maini"
252,5342,389,86,"Menetia maini"
238,5399,418,61,"Menetia maini"
261,4979,417,92,"Menetia maini"
248,5628,351,83,"Menetia maini"
254,2200,1029,114,"Menetia maini"
250,6028,231,77,"Menetia maini"
276,3579,542,106,"Menetia maini"
265,3895,565,108,"Menetia maini"
263,4668,405,97,"Menetia maini"
277,1585,1071,123,"Menetia maini"
274,2750,774,116,"Menetia maini"
270,3141,759,117,"Menetia maini"
239,5964,286,62,"Menetia maini"
238,4280,528,79,"Menetia maini"
236,4211,618,82,"Menetia maini"
243,5707,307,71,"Menetia maini"
258,2218,1112,109,"Menetia maini"
266,3877,549,114,"Menetia maini"
257,3786,538,113,"Menetia maini"
265,3365,697,111,"Menetia maini"
266,3321,748,121,"Menetia maini"
271,2355,1185,111,"Menetia maini"
277,2092,1196,107,"Menetia maini"
238,5438,447,58,"Menetia maini"
247,5801,252,76,"Menetia maini"
254,5517,329,89,"Menetia maini"
271,3419,649,121,"Menetia maini"
261,5064,409,89,"Menetia maini"
264,4593,479,99,"Menetia maini"
271,3013,748,123,"Menetia maini"
279,1561,1542,104,"Menetia maini"
268,2827,898,112,"Menetia maini"
236,6068,298,53,"Menetia maini"
269,3420,672,121,"Menetia maini"
233,5645,357,69,"Menetia maini"
260,5475,394,92,"Menetia maini"
249,6166,234,70,"Menetia maini"
264,3054,782,113,"Menetia maini"
278,1969,1203,107,"Menetia maini"
255,4422,441,96,"Menetia maini"
283,2815,824,113,"Menetia maini"
237,5910,285,73,"Menetia maini"
260,3695,539,113,"Menetia maini"
231,5939,256,67,"Menetia maini"
273,4110,500,112,"Menetia maini"
254,3279,742,120,"Menetia maini"
267,2201,947,116,"Menetia maini"
249,6359,208,58,"Menetia maini"
270,2822,815,124,"Menetia maini"
266,4341,506,112,"Menetia maini"
239,5376,404,63,"Menetia maini"
278,1886,1300,103,"Menetia maini"
237,5663,315,68,"Menetia maini"
286,2969,691,110,"Menetia maini"
263,3093,764,117,"Menetia maini"
258,5141,410,87,"Menetia maini"
236,4281,514,85,"Menetia maini"
238,5919,298,65,"Menetia maini"
256,4785,457,109,"Menetia maini"
258,5192,306,91,"Menetia maini"
228,5378,468,58,"Menetia maini"
250,5305,350,89,"Menetia maini"
265,2562,1061,111,"Menetia maini"
238,3866,509,99,"Menetia maini"
283,2721,868,108,"Menetia maini"
244,4832,465,74,"Menetia maini"
240,4456,495,81,"Menetia maini"
281,2364,910,113,"Menetia maini"
267,3166,699,112,"Menetia maini"
241,5763,312,67,"Menetia maini"
257,3172,764,112,"Menetia maini"
282,2748,783,128,"Menetia maini"
268,4311,467,104,"Menetia maini"
260,2185,1149,108,"Menetia maini"
241,5416,396,76,"Menetia maini"
279,1631,1073,111,"Menetia maini"
247,5434,352,95,"Menetia maini"
255,5680,296,87,"Menetia maini"
267,3559,652,119,"Menetia maini"
227,4617,591,59,"Menetia maini"
235,5795,284,69,"Menetia maini"
271,3526,655,119,"Menetia maini"
253,5615,314,88,"Menetia maini"
274,2408,1044,112,"Menetia maini"
261,2802,904,115,"Menetia maini"
248,5444,358,80,"Menetia maini"
264,2565,1319,122,"Menetia maini"
281,2704,656,113,"Menetia maini"
278,3197,691,105,"Menetia maini"
260,5054,406,90,"Menetia maini"
246,6139,235,68,"Menetia maini"
259,2404,1025,111,"Menetia maini"
262,2630,887,109,"Menetia maini"
253,4974,377,89,"Menetia maini"
275,3566,653,108,"Menetia maini"
257,5172,358,90,"Menetia maini"
258,4125,522,104,"Menetia maini"
237,6082,300,71,"Menetia maini"
222,5521,507,58,"Menetia maini"
259,4235,489,102,"Menetia maini"
265,4495,426,104,"Menetia maini"
279,2030,1160,108,"Menetia maini"
271,3403,643,121,"Menetia maini"
263,4757,415,97,"Menetia maini"
273,2117,1315,109,"Menetia maini"
268,3550,657,112,"Menetia maini"
243,5989,248,64,"Menetia maini"
277,1597,1641,102,"Menetia maini"
263,3060,787,119,"Menetia maini"
273,3541,648,115,"Menetia maini"
266,3193,721,106,"Menetia maini"
249,5758,255,76,"Menetia maini"
263,4479,401,106,"Menetia maini"
269,4101,505,107,"Menetia maini"
231,4231,582,80,"Menetia maini"
257,5144,428,94,"Menetia maini"
253,5275,458,88,"Menetia maini"
249,5615,281,73,"Menetia maini"
256,5301,292,94,"Menetia maini"
262,4900,352,93,"Menetia maini"
269,4126,505,105,"Menetia maini"
261,3186,735,114,"Menetia maini"
241,5062,473,92,"Menetia maini"
246,6327,187,53,"Menetia maini"
267,3658,607,112,"Menetia maini"
249,6258,228,66,"Menetia maini"
252,5885,269,78,"Menetia maini"
269,3585,649,111,"Menetia maini"
268,2619,753,111,"Menetia maini"
271,1813,1275,120,"Menetia maini"
247,5698,339,73,"Menetia maini"
234,5605,465,62,"Menetia maini"
261,4027,538,113,"Menetia maini"
259,3344,748,113,"Menetia maini"
283,2803,861,112,"Menetia maini"
248,6270,236,64,"Menetia maini"
260,3227,761,108,"Menetia maini"
268,3033,841,111,"Menetia maini"
243,5770,328,72,"Menetia maini"
263,2866,800,122,"Menetia maini"
271,3817,567,103,"Menetia maini"
252,5746,275,73,"Menetia maini"
243,5894,257,69,"Menetia maini"
273,2363,1086,110,"Menetia maini"
227,5535,461,58,"Menetia maini"
269,3238,738,115,"Menetia maini"
267,2333,963,111,"Menetia maini"
266,3261,782,118,"Menetia maini"
216,3673,781,95,"Menetia maini"
269,2532,872,110,"Menetia maini"
269,1668,1261,109,"Menetia maini"
271,3710,575,110,"Menetia maini"
251,5935,236,75,"Menetia maini"
268,3696,575,114,"Menetia maini"
261,3631,575,109,"Menetia maini"
266,4574,446,101,"Menetia maini"
256,5573,310,87,"Menetia maini"
261,3582,706,120,"Menetia maini"
242,4905,501,73,"Menetia maini"
271,3824,518,109,"Menetia maini"
268,3176,780,117,"Menetia maini"
260,4649,419,105,"Menetia maini"
286,3115,664,111,"Menetia maini"
267,2020,1151,113,"Menetia maini"
266,4061,496,108,"Menetia maini"
268,3906,520,108,"Menetia maini"
255,5379,395,90,"Menetia maini"
269,4340,481,107,"Menetia maini"
262,2570,959,112,"Menetia maini"
262,2766,898,108,"Menetia maini"
245,6408,244,58,"Menetia maini"
243,5449,375,74,"Menetia maini"
245,6314,198,61,"Menetia maini"
247,5269,419,93,"Menetia maini"
269,2695,730,108,"Menetia maini"
235,6276,308,67,"Menetia maini"
261,5432,407,90,"Menetia maini"
268,4046,517,104,"Menetia maini"
257,5153,412,96,"Menetia maini"
266,3395,677,111,"Menetia maini"
259,4640,430,105,"Menetia maini"
248,6154,223,63,"Menetia maini"
249,5200,407,78,"Menetia maini"
258,4849,503,115,"Menetia maini"
271,3499,612,115,"Menetia maini"
262,4529,433,106,"Menetia maini"
244,5368,358,78,"Menetia maini"
266,3344,728,113,"Menetia maini"
246,6142,253,69,"Menetia maini"
260,5127,406,88,"Menetia maini"
264,3329,695,119,"Menetia maini"
240,6198,294,63,"Menetia maini"
274,2199,1230,109,"Menetia maini"
244,5232,421,67,"Menetia maini"
239,4156,532,89,"Menetia maini"
271,2283,1187,112,"Menetia maini"
264,3945,502,109,"Menetia maini"
242,6122,269,66,"Menetia maini"
261,3200,712,114,"Menetia maini"
266,4405,436,109,"Menetia maini"
261,3013,760,113,"Menetia maini"
264,2972,812,114,"Menetia maini"
288,2719,642,110,"Menetia maini"
264,3225,735,113,"Menetia maini"
247,5664,320,80,"Menetia maini"
260,4738,500,110,"Menetia maini"
249,5342,360,95,"Menetia maini"
213,5913,350,63,"Menetia maini"
268,4439,442,105,"Menetia maini"
272,2702,956,112,"Menetia maini"
265,3718,590,112,"Menetia maini"
267,4016,506,110,"Menetia maini"
269,2749,798,108,"Menetia maini"
243,5640,313,73,"Menetia maini"
276,2648,819,117,"Menetia maini"
270,3312,680,121,"Menetia maini"
259,3315,664,112,"Menetia maini"
266,4011,507,113,"Menetia maini"
263,2311,1153,109,"Menetia maini"
246,5175,367,97,"Menetia maini"
271,2964,763,122,"Menetia maini"
265,3408,667,113,"Menetia maini"
236,5552,357,81,"Menetia maini"
240,6020,252,59,"Menetia maini"
246,5445,348,84,"Menetia maini"
242,5256,417,71,"Menetia maini"
240,4426,502,80,"Menetia maini"
253,5309,354,87,"Menetia maini"
266,2741,954,117,"Menetia maini"
243,6139,241,62,"Menetia maini"
256,4755,401,95,"Menetia maini"
282,3279,654,113,"Menetia maini"
257,3707,644,113,"Menetia maini"
269,2744,745,107,"Menetia maini"
245,6370,255,59,"Menetia maini"
273,2640,905,118,"Menetia maini"
272,3065,777,106,"Menetia maini"
258,3882,580,111,"Menetia maini"
246,4941,439,82,"Menetia maini"
261,4542,414,105,"Menetia maini"
263,3175,829,121,"Menetia maini"
226,5433,474,55,"Menetia maini"
236,5694,331,73,"Menetia maini"
272,3187,689,121,"Menetia maini"
263,2932,933,112,"Menetia maini"
266,4454,428,106,"Menetia maini"
266,2256,1093,118,"Menetia maini"
258,3340,654,114,"Menetia maini"
222,3635,652,99,"Menetia maini"
259,5115,406,93,"Menetia maini"
256,3329,782,114,"Menetia maini"
252,5508,385,88,"Menetia maini"
267,2626,848,111,"Menetia maini"
263,1942,1315,110,"Menetia maini"
249,5225,420,93,"Menetia maini"
276,2249,1039,117,"Menetia maini"
260,4882,417,96,"Menetia maini"
266,4606,428,105,"Menetia maini"
288,2457,720,116,"Menetia maini"
254,5284,369,92,"Menetia maini"
249,5360,416,85,"Menetia maini"
265,3443,709,118,"Menetia maini"
260,3243,659,112,"Menetia maini"
275,2696,937,124,"Menetia maini"
252,5049,397,88,"Menetia maini"
270,3827,574,110,"Menetia maini"
268,4154,511,106,"Menetia maini"
264,2065,1618,113,"Menetia maini"
249,6439,206,55,"Menetia maini"
253,5892,257,78,"Menetia maini"
245,5259,348,89,"Menetia maini"
266,2760,900,118,"Menetia maini"
267,3045,675,118,"Menetia maini"
271,3001,747,122,"Menetia maini"
271,1893,984,109,"Menetia maini"
269,3111,824,116,"Menetia maini"
241,5818,304,59,"Menetia maini"
271,2765,833,120,"Menetia maini"
257,5227,351,90,"Menetia maini"
255,2456,1101,107,"Menetia maini"
252,4164,486,100,"Menetia maini"
259,5412,386,96,"Menetia maini"
270,3748,564,109,"Menetia maini"
261,3601,600,109,"Menetia maini"
257,3538,637,112,"Menetia maini"
262,2065,1549,109,"Menetia maini"
264,3644,576,109,"Menetia maini"
260,5451,409,91,"Menetia maini"
264,2787,966,111,"Menetia maini"
262,3356,728,112,"Menetia maini"
261,4391,502,112,"Menetia maini"
256,5063,382,91,"Menetia maini"
282,2550,977,117,"Menetia maini"
256,5202,393,88,"Menetia maini"
261,3824,550,112,"Menetia maini"
240,5813,293,57,"Menetia maini"
249,4800,489,106,"Menetia maini"
249,5788,278,73,"Menetia maini"
242,5237,413,93,"Menetia maini"
247,5614,338,78,"Menetia maini"
269,2533,844,108,"Menetia maini"
241,5480,317,86,"Menetia maini"
266,4180,506,114,"Menetia maini"
250,2287,1127,111,"Menetia maini"
248,6074,232,68,"Menetia maini"
261,3152,755,113,"Menetia maini"
263,3127,944,112,"Menetia maini"
272,2397,1158,116,"Menetia maini"
262,3552,699,119,"Menetia maini"
256,4978,384,96,"Menetia maini"
271,3701,581,114,"Menetia maini"
245,5182,330,91,"Menetia maini"
275,3666,558,107,"Menetia maini"
263,4941,419,91,"Menetia maini"
277,1733,1575,109,"Menetia maini"
250,3615,720,118,"Menetia maini"
253,4964,382,95,"Menetia maini"
260,4514,432,105,"Menetia maini"
276,2946,676,110,"Menetia maini"
255,5235,388,88,"Menetia maini"
239,5281,412,62,"Menetia maini"
221,6096,364,58,"Menetia maini"
278,1501,1591,104,"Menetia maini"
246,5494,353,93,"Menetia maini"
263,4829,455,100,"Menetia maini"
278,1504,1263,121,"Menetia maini"
253,4033,561,108,"Menetia maini"
264,3080,748,117,"Menetia maini"
243,5390,402,71,"Menetia maini"
247,5923,242,70,"Menetia maini"
247,5148,360,94,"Menetia maini"
248,5435,364,85,"Menetia maini"
271,2344,957,111,"Menetia maini"
243,4671,499,76,"Menetia maini"
269,2732,833,113,"Menetia maini"
224,5955,294,62,"Menetia maini"
249,4875,428,88,"Menetia maini"
261,3445,710,112,"Menetia maini"
233,5654,415,62,"Menetia maini"
249,6348,223,61,"Menetia maini"
269,3060,850,115,"Menetia maini"
271,1837,1473,107,"Menetia maini"
249,6203,229,67,"Menetia maini"
265,3303,727,112,"Menetia maini"
235,4504,530,68,"Menetia maini"
269,4138,504,104,"Menetia maini"
265,3463,641,110,"Menetia maini"
279,2026,1151,109,"Menetia maini"
275,2475,929,112,"Menetia maini"
265,4204,498,111,"Menetia maini"
264,3229,751,112,"Menetia maini"
263,4599,424,101,"Menetia maini"
262,4120,446,107,"Menetia maini"
257,3989,501,111,"Menetia maini"
253,2390,1218,111,"Menetia maini"
245,5586,376,78,"Menetia maini"
272,3146,693,119,"Menetia maini"
248,5496,339,83,"Menetia maini"
265,4365,445,104,"Menetia maini"
246,5247,365,92,"Menetia maini"
269,3146,674,108,"Menetia maini"
263,3538,691,119,"Menetia maini"
255,4650,435,97,"Menetia maini"
226,5744,316,65,"Menetia maini"
257,4965,350,97,"Menetia maini"
246,5571,292,89,"Menetia maini"
244,5090,452,75,"Menetia maini"
232,5906,383,57,"Menetia maini"
267,4200,486,108,"Menetia maini"
282,2962,746,125,"Menetia maini"
261,4430,553,111,"Menetia maini"
244,6253,228,65,"Menetia maini"
252,5863,256,79,"Menetia maini"
274,2866,705,114,"Menetia maini"
268,3974,517,106,"Menetia maini"
288,2601,794,115,"Menetia maini"
222,5913,340,62,"Menetia maini"
246,6113,233,67,"Menetia maini"
268,3159,840,118,"Menetia maini"
239,6169,271,63,"Menetia maini"
265,4854,473,105,"Menetia maini"
238,5415,424,57,"Menetia maini"
270,3019,886,109,"Menetia maini"
268,3771,548,111,"Menetia maini"
230,5771,405,58,"Menetia maini"
273,1877,986,113,"Menetia maini"
250,3337,792,116,"Menetia maini"
272,3370,658,119,"Menetia maini"
263,3434,715,120,"Menetia maini"
249,5407,349,97,"Menetia maini"
233,5772,323,57,"Menetia maini"
251,5010,394,95,"Menetia maini"
246,2165,1325,114,"Menetia maini"
221,4864,615,60,"Menetia maini"
268,3798,535,111,"Menetia maini"
255,5490,411,90,"Menetia maini"
284,2725,805,111,"Menetia maini"
270,2264,1203,108,"Menetia maini"
241,4866,499,67,"Menetia maini"
251,3181,843,109,"Menetia maini"
246,6151,214,63,"Menetia maini"
263,3814,542,109,"Menetia maini"
276,3566,560,108,"Menetia maini"
259,5248,403,98,"Menetia maini"
260,4228,512,112,"Menetia maini"
277,1676,1512,107,"Menetia maini"
279,1607,1480,104,"Menetia maini"
255,5273,336,94,"Menetia maini"
248,4718,446,89,"Menetia maini"
236,5646,330,72,"Menetia maini"
252,5300,348,87,"Menetia maini"
266,2593,1095,120,"Menetia maini"
257,5094,412,98,"Menetia maini"
260,5447,423,91,"Menetia maini"
247,5279,420,83,"Menetia maini"
233,4672,525,70,"Menetia maini"
241,5323,353,88,"Menetia maini"
265,2805,917,119,"Menetia maini"
260,5011,368,98,"Menetia maini"
238,6316,274,60,"Menetia maini"
244,5094,469,77,"Menetia maini"
275,4188,493,113,"Menetia maini"
259,4600,459,102,"Menetia maini"
269,2664,766,114,"Menetia maini"
243,5795,298,58,"Menetia maini"
228,5784,298,65,"Menetia maini"
264,2822,1002,113,"Menetia maini"
268,3577,649,111,"Menetia maini"
244,6243,265,63,"Menetia maini"
266,2971,799,122,"Menetia maini"
257,4123,508,105,"Menetia maini"
261,5241,444,93,"Menetia maini"
253,5319,381,86,"Menetia maini"
263,3815,527,110,"Menetia maini"
238,5495,448,58,"Menetia maini"
263,4863,438,92,"Menetia maini"
270,3931,547,107,"Menetia maini"
234,6135,317,72,"Menetia maini"
257,3452,692,113,"Menetia maini"
243,4620,479,81,"Menetia maini"
240,5534,297,78,"Menetia maini"
250,5899,258,82,"Menetia maini"
265,2413,854,112,"Menetia maini"
279,1580,1532,103,"Menetia maini"
263,4830,401,96,"Menetia maini"
270,2512,1117,112,"Menetia maini"
237,5787,300,81,"Menetia maini"
259,5379,383,97,"Menetia maini"
260,3163,714,115,"Menetia maini"
264,3563,637,113,"Menetia maini"
262,4544,443,106,"Menetia maini"
250,5011,418,93,"Menetia maini"
252,5245,370,84,"Menetia maini"
245,4378,442,90,"Menetia maini"
271,3603,581,107,"Menetia maini"
262,3390,743,122,"Menetia maini"
247,5663,290,69,"Menetia maini"
253,5075,395,96,"Menetia maini"
269,2409,969,110,"Menetia maini"
249,6108,209,71,"Menetia maini"
250,5871,267,68,"Menetia maini"
262,3671,661,117,"Menetia maini"
269,3489,610,110,"Menetia maini"
247,5491,351,94,"Menetia maini"
271,2567,1066,124,"Menetia maini"
254,4809,444,106,"Menetia maini"
238,5630,308,74,"Menetia maini"
254,4464,459,96,"Menetia maini"
246,5428,377,87,"Menetia maini"
245,5449,380,79,"Menetia maini"
247,5982,240,75,"Menetia maini"
284,2847,795,112,"Menetia maini"
267,3747,521,106,"Menetia maini"
245,5646,310,75,"Menetia maini"
259,5229,340,93,"Menetia maini"
242,5362,408,75,"Menetia maini"
265,3025,761,118,"Menetia maini"
242,5646,293,82,"Menetia maini"
243,6387,264,57,"Menetia maini"
277,1633,1048,118,"Menetia maini"
277,2593,931,121,"Menetia maini"
238,5613,407,61,"Menetia maini"
225,4005,534,86,"Menetia maini"
233,4498,640,69,"Menetia maini"
246,5623,357,79,"Menetia maini"
260,4989,418,91,"Menetia maini"
257,4805,414,97,"Menetia maini"
255,3358,710,113,"Menetia maini"
265,4105,527,112,"Menetia maini"
269,3028,809,119,"Menetia maini"
258,2068,1451,112,"Menetia maini"
249,6159,231,68,"Menetia maini"
267,2740,827,112,"Menetia maini"
216,4798,584,54,"Menetia maini"
268,4329,472,109,"Menetia maini"
265,3174,763,112,"Menetia maini"
258,4222,528,107,"Menetia maini"
264,4715,390,97,"Menetia maini"
249,5678,269,69,"Menetia maini"
271,1829,1239,122,"Menetia maini"
263,3785,613,112,"Menetia maini"
275,3009,767,107,"Menetia maini"
240,5203,429,64,"Menetia maini"
245,5223,418,74,"Menetia maini"
248,6164,197,69,"Menetia maini"
258,5288,376,98,"Menetia maini"
261,3624,589,109,"Menetia maini"
270,2719,777,110,"Menetia maini"
259,4531,414,99,"Menetia maini"
279,1766,1471,108,"Menetia maini"
250,5976,222,74,"Menetia maini"
282,2849,794,126,"Menetia maini"
265,4165,503,111,"Menetia maini"
270,2772,864,124,"Menetia maini"
276,1887,1014,111,"Menetia maini"
246,4930,464,74,"Menetia maini"
261,4623,469,103,"Menetia maini"
271,3897,559,107,"Menetia maini"
268,2839,842,111,"Menetia maini"
231,5872,284,64,"Menetia maini"
260,4898,410,98,"Menetia maini"
256,5272,448,99,"Menetia maini"
276,3370,639,113,"Menetia maini"
267,2150,1156,114,"Menetia maini"
250,4903,419,90,"Menetia maini"
244,5417,366,90,"Menetia maini"
267,2050,1400,108,"Menetia maini"
256,5250,344,92,"Menetia maini"
263,4872,436,93,"Menetia maini"
266,4103,580,111,"Menetia maini"
260,3603,708,119,"Menetia maini"
268,3943,514,113,"Menetia maini"
238,5513,431,60,"Menetia maini"
248,6066,220,71,"Menetia maini"
244,6223,214,62,"Menetia maini"
254,2924,1023,109,"Menetia maini"
261,4957,336,91,"Menetia maini"
244,5065,456,75,"Menetia maini"
269,2927,774,114,"Menetia maini"
270,2561,982,108,"Menetia maini"
240,5774,341,65,"Menetia maini"
245,5416,315,86,"Menetia maini"
258,3090,887,109,"Menetia maini"
258,4367,454,107,"Menetia maini"
245,5904,252,82,"Menetia maini"
270,3380,707,112,"Menetia maini"
268,3088,923,111,"Menetia maini"
269,2968,824,114,"Menetia maini"
265,3020,852,116,"Menetia maini"
261,4607,402,99,"Menetia maini"
258,3292,681,121,"Menetia maini"
228,5345,516,60,"Menetia maini"
250,5156,346,95,"Menetia maini"
263,4707,429,99,"Menetia maini"
265,3696,634,111,"Menetia maini"
268,3395,720,109,"Menetia maini"
264,4507,437,102,"Menetia maini"
269,3321,718,113,"Menetia maini"
257,4707,421,97,"Menetia maini"
266,4401,443,110,"Menetia maini"
278,1588,1600,105,"Menetia maini"
262,3286,734,113,"Menetia maini"
263,4148,485,107,"Menetia maini"
250,2137,1345,113,"Menetia maini"
270,2156,1454,113,"Menetia maini"
259,4706,419,106,"Menetia maini"
264,2846,923,114,"Menetia maini"
267,4167,469,107,"Menetia maini"
253,5283,351,87,"Menetia maini"
265,2680,903,113,"Menetia maini"
247,6227,210,58,"Menetia maini"
230,5842,284,71,"Menetia maini"
267,3278,784,114,"Menetia maini"
268,2226,1289,109,"Menetia maini"
267,4062,520,109,"Menetia maini"
236,5770,406,60,"Menetia maini"
259,4677,494,109,"Menetia maini"
253,5576,300,84,"Menetia maini"
256,5221,433,88,"Menetia maini"
259,2616,1094,110,"Menetia maini"
233,5723,388,62,"Menetia maini"
259,5068,362,93,"Menetia maini"
264,4053,533,112,"Menetia maini"
256,5141,373,93,"Menetia maini"
271,2398,900,116,"Menetia maini"
241,6058,270,67,"Menetia maini"
245,4597,476,84,"Menetia maini"
259,4652,533,110,"Menetia maini"
268,2740,870,120,"Menetia maini"
251,5517,383,86,"Menetia maini"
241,5107,461,67,"Menetia maini"
232,4677,496,69,"Menetia maini"
270,4079,515,109,"Menetia maini"
278,1706,1652,108,"Menetia maini"
254,5227,388,91,"Menetia maini"
248,4647,458,87,"Menetia maini"
262,4955,332,91,"Menetia maini"
268,2879,768,123,"Menetia maini"
260,4975,468,91,"Menetia maini"
238,5767,392,60,"Menetia maini"
267,3580,702,111,"Menetia maini"
248,6147,220,68,"Menetia maini"
268,3900,510,108,"Menetia maini"
259,4979,490,107,"Menetia maini"
269,3690,644,113,"Menetia maini"
272,3205,676,119,"Menetia maini"
258,5119,414,90,"Menetia maini"
263,4604,408,99,"Menetia maini"
270,2864,803,124,"Menetia maini"
250,5332,373,89,"Menetia maini"
256,5635,301,86,"Menetia maini"
246,5016,450,75,"Menetia maini"
248,6384,230,59,"Menetia maini"
246,4858,431,84,"Menetia maini"
267,2844,857,114,"Menetia maini"
245,5023,422,81,"Menetia maini"
258,3010,982,108,"Menetia maini"
251,4142,607,107,"Menetia maini"
268,4208,524,106,"Menetia maini"
257,5267,426,96,"Menetia maini"
261,5027,435,92,"Menetia maini"
249,5574,316,87,"Menetia maini"
275,1852,1355,104,"Menetia maini"
224,4891,499,60,"Menetia maini"
255,5375,288,93,"Menetia maini"
258,5275,498,96,"Menetia maini"
269,3102,863,118,"Menetia maini"
267,4197,509,106,"Menetia maini"
267,3246,794,121,"Menetia maini"
278,1894,1284,106,"Menetia maini"
271,3482,606,111,"Menetia maini"
240,5600,380,62,"Menetia maini"
275,1998,958,124,"Menetia maini"
274,3079,777,108,"Menetia maini"
255,4958,411,100,"Menetia maini"
257,5471,320,89,"Menetia maini"
238,5939,294,72,"Menetia maini"
227,5864,306,64,"Menetia maini"
254,4627,440,97,"Menetia maini"
246,5671,282,86,"Menetia maini"
242,5193,446,67,"Menetia maini"
270,2843,822,123,"Menetia maini"
260,4797,539,112,"Menetia maini"
265,4582,414,99,"Menetia maini"
260,4736,375,97,"Menetia maini"
274,3164,702,111,"Menetia maini"
259,3448,804,109,"Menetia maini"
253,3240,817,116,"Menetia maini"
259,3130,769,116,"Menetia maini"
256,5436,316,91,"Menetia maini"
246,4851,399,99,"Menetia maini"
273,2727,700,110,"Menetia maini"
242,6204,236,60,"Menetia maini"
264,3698,552,111,"Menetia maini"
249,5740,276,71,"Menetia maini"
246,5370,359,78,"Menetia maini"
247,5510,304,85,"Menetia maini"
241,4637,454,74,"Menetia maini"
269,2667,936,126,"Menetia maini"
262,5102,463,97,"Menetia maini"
286,2758,693,115,"Menetia maini"
247,6121,235,67,"Menetia maini"
266,4461,469,104,"Menetia maini"
265,2267,1184,114,"Menetia maini"
263,4679,416,96,"Menetia maini"
247,5559,309,83,"Menetia maini"
239,6274,279,62,"Menetia maini"
287,2395,662,114,"Menetia maini"
277,2039,1375,104,"Menetia maini"
267,2733,811,110,"Menetia maini"
283,3023,758,128,"Menetia maini"
249,5755,302,84,"Menetia maini"
266,2832,903,115,"Menetia maini"
254,5264,391,85,"Menetia maini"
251,5539,354,86,"Menetia maini"
238,5363,425,57,"Menetia maini"
268,3663,558,110,"Menetia maini"
264,3912,577,112,"Menetia maini"
254,5245,398,90,"Menetia maini"
272,4357,458,107,"Menetia maini"
259,3148,791,110,"Menetia maini"
271,3452,641,121,"Menetia maini"
238,5695,365,73,"Menetia maini"
247,4021,552,101,"Menetia maini"
243,5017,471,78,"Menetia maini"
264,4080,466,117,"Menetia maini"
260,2712,1151,115,"Menetia maini"
274,2671,921,122,"Menetia maini"
264,4094,553,111,"Menetia maini"
256,4797,413,91,"Menetia maini"
270,1945,1531,110,"Menetia maini"
236,4471,485,74,"Menetia maini"
280,3327,648,116,"Menetia maini"
278,2894,698,110,"Menetia maini"
249,3669,668,116,"Menetia maini"
259,5095,441,94,"Menetia maini"
258,4973,374,95,"Menetia maini"
277,2523,930,121,"Menetia maini"
245,5114,449,76,"Menetia maini"
267,2928,848,112,"Menetia maini"
230,5976,292,64,"Menetia maini"
263,4848,448,95,"Menetia maini"
273,2369,775,111,"Menetia maini"
241,5613,380,62,"Menetia maini"
260,2444,819,114,"Menetia maini"
284,2965,724,115,"Menetia maini"
266,4828,473,102,"Menetia maini"
267,3982,532,107,"Menetia maini"
246,5192,386,90,"Menetia maini"
267,3218,841,121,"Menetia maini"
282,3071,698,123,"Menetia maini"
265,2614,1110,110,"Menetia maini"
243,5252,447,73,"Menetia maini"
241,5546,388,78,"Menetia maini"
269,3432,706,115,"Menetia maini"
269,2857,790,123,"Menetia maini"
269,4103,511,104,"Menetia maini"
271,2230,821,114,"Menetia maini"
263,4546,431,103,"Menetia maini"
244,5233,470,71,"Menetia maini"
223,5969,313,61,"Menetia maini"
271,3054,780,115,"Menetia maini"
267,3776,588,106,"Menetia maini"
270,2949,788,124,"Menetia maini"
253,4105,555,108,"Menetia maini"
263,4143,519,112,"Menetia maini"
259,4939,386,96,"Menetia maini"
266,4256,473,107,"Menetia maini"
231,5791,297,66,"Menetia maini"
265,3728,586,108,"Menetia maini"
281,3147,718,115,"Menetia maini"
269,3888,541,111,"Menetia maini"
253,4519,519,102,"Menetia maini"
259,3092,730,119,"Menetia maini"
266,3288,644,108,"Menetia maini"
246,5499,335,94,"Menetia maini"
268,4008,551,111,"Menetia maini"
259,4636,481,113,"Menetia maini"
278,1758,1455,103,"Menetia maini"
251,5473,408,90,"Menetia maini"
267,2623,1009,118,"Menetia maini"
249,5800,258,74,"Menetia maini"
250,4926,395,90,"Menetia maini"
244,5266,359,98,"Menetia maini"
269,3137,854,119,"Menetia maini"
237,5317,450,58,"Menetia maini"
257,4590,541,114,"Menetia maini"
256,5166,453,91,"Menetia maini"
268,3417,686,111,"Menetia maini"
266,4400,490,113,"Menetia maini"
249,6001,244,71,"Menetia maini"
246,6205,230,67,"Menetia maini"
266,3277,751,122,"Menetia maini"
260,3518,622,110,"Menetia maini"
263,4497,449,107,"Menetia maini"
259,1870,1505,108,"Menetia maini"
254,5291,342,100,"Menetia maini"
233,5760,355,68,"Menetia maini"
277,1675,1608,104,"Menetia maini"
267,4503,453,102,"Menetia maini"
237,5177,444,62,"Menetia maini"
265,2159,1399,109,"Menetia maini"
255,5371,272,92,"Menetia maini"
276,4065,480,113,"Menetia maini"
244,5344,385,74,"Menetia maini"
267,3167,828,117,"Menetia maini"
284,3126,685,123,"Menetia maini"
270,3808,538,114,"Menetia maini"
254,5240,306,93,"Menetia maini"
236,5843,305,76,"Menetia maini"
241,4678,441,73,"Menetia maini"
248,5041,432,80,"Menetia maini"
255,4828,378,91,"Menetia maini"
224,3985,525,86,"Menetia maini"
267,2701,991,116,"Menetia maini"
270,2912,794,124,"Menetia maini"
270,3185,745,123,"Menetia maini"
238,5625,364,74,"Menetia maini"
259,5221,308,93,"Menetia maini"
245,3800,590,107,"Menetia maini"
243,6186,222,66,"Menetia maini"
274,2756,701,120,"Menetia maini"
267,3511,603,111,"Menetia maini"
269,3697,573,109,"Menetia maini"
239,4374,503,84,"Menetia maini"
230,4060,661,87,"Menetia maini"
265,3764,558,107,"Menetia maini"
262,3228,677,115,"Menetia maini"
284,2256,857,118,"Menetia maini"
278,1602,1731,103,"Menetia maini"
252,5022,413,96,"Menetia maini"
231,5900,274,61,"Menetia maini"
266,2730,994,117,"Menetia maini"
269,4144,509,107,"Menetia maini"
241,5875,273,71,"Menetia maini"
261,4395,453,102,"Menetia maini"
250,5663,275,76,"Menetia maini"
269,3812,532,115,"Menetia maini"
247,6348,242,62,"Menetia maini"
268,3185,771,122,"Menetia maini"
275,1995,1118,108,"Menetia maini"
266,3404,673,111,"Menetia maini"
258,4230,607,111,"Menetia maini"
258,5137,429,92,"Menetia maini"
266,3542,612,115,"Menetia maini"
249,6368,213,59,"Menetia maini"
259,4202,487,110,"Menetia maini"
252,4841,556,98,"Menetia maini"
226,4669,507,54,"Menetia maini"
245,5026,421,87,"Menetia maini"
256,5360,370,92,"Menetia maini"
277,1713,1628,105,"Menetia maini"
245,5562,359,81,"Menetia maini"
258,5151,347,93,"Menetia maini"
260,4948,411,96,"Menetia maini"
262,3225,680,114,"Menetia maini"
249,6429,209,56,"Menetia maini"
271,2846,816,123,"Menetia maini"
233,5615,317,67,"Menetia maini"
269,2635,893,113,"Menetia maini"
270,3245,715,115,"Menetia maini"
245,6071,243,70,"Menetia maini"
